ImageId,NameOfPokemon
1100.jpg,Bulbasaur
1101.jpg,Charmander
1102.jpg,Bulbasaur
1103.jpg,Bulbasaur
1104.jpg,Bulbasaur
1105.jpg,Charmander
1106.jpg,Bulbasaur
1107.jpg,Bulbasaur
1108.jpg,Charmander
1109.jpg,Bulbasaur
1110.jpg,Bulbasaur
1111.jpg,Charmander
1112.jpg,Bulbasaur
1113.jpg,Bulbasaur
1114.jpg,Bulbasaur
1115.jpg,Charmander
1116.jpg,Bulbasaur
1117.jpg,Charmander
1118.jpg,Charmander
1119.jpg,Bulbasaur
1120.jpg,Pikachu
1121.jpg,Charmander
1122.jpg,Bulbasaur
1123.jpg,Bulbasaur
1124.jpg,Bulbasaur
1125.jpg,Bulbasaur
1126.jpg,Charmander
1127.jpg,Charmander
1128.jpg,Bulbasaur
1129.jpg,Bulbasaur
1130.jpg,Charmander
1131.jpg,Bulbasaur
1132.jpg,Bulbasaur
1133.jpg,Charmander
1134.jpg,Charmander
1135.jpg,Bulbasaur
1136.jpg,Bulbasaur
1137.jpg,Pikachu
1138.jpg,Bulbasaur
1139.jpg,Bulbasaur
1140.jpg,Charmander
2000.jpg,Pikachu
2001.jpg,Charmander
2002.jpg,Charmander
2003.jpg,Charmander
2004.jpg,Charmander
2005.jpg,Charmander
2006.jpg,Charmander
2007.jpg,Charmander
2008.jpg,Charmander
2009.jpg,Charmander
2010.jpg,Charmander
2011.jpg,Charmander
2012.jpg,Charmander
2013.jpg,Charmander
2014.jpg,Charmander
2015.jpg,Charmander
2016.jpg,Charmander
2017.jpg,Charmander
2018.jpg,Charmander
2019.jpg,Charmander
2020.jpg,Charmander
2021.jpg,Charmander
2022.jpg,Charmander
2023.jpg,Charmander
2024.jpg,Charmander
2025.jpg,Charmander
2026.jpg,Charmander
2027.jpg,Charmander
2028.jpg,Charmander
2029.jpg,Charmander
2030.jpg,Charmander
2031.jpg,Charmander
2032.jpg,Charmander
2033.jpg,Charmander
2034.jpg,Charmander
2035.jpg,Charmander
2036.jpg,Charmander
2037.jpg,Charmander
2038.jpg,Charmander
2039.jpg,Charmander
2040.jpg,Charmander
2200.jpg,Charmander
2201.jpg,Charmander
2202.jpg,Charmander
2203.jpg,Charmander
2204.jpg,Charmander
2205.jpg,Charmander
2206.jpg,Charmander
2207.jpg,Charmander
2208.jpg,Charmander
2209.jpg,Charmander
2210.jpg,Charmander
2211.jpg,Charmander
2212.jpg,Bulbasaur
2213.jpg,Charmander
2214.jpg,Charmander
2215.jpg,Charmander
2216.jpg,Pikachu
2217.jpg,Charmander
2218.jpg,Charmander
2219.jpg,Charmander
2220.jpg,Charmander
2221.jpg,Charmander
2222.jpg,Charmander
2223.jpg,Charmander
2224.jpg,Charmander
2225.jpg,Charmander
2226.jpg,Charmander
2227.jpg,Charmander
2228.jpg,Charmander
2229.jpg,Charmander
2230.jpg,Charmander
2231.jpg,Charmander
2232.jpg,Charmander
2233.jpg,Charmander
2234.jpg,Charmander
2235.jpg,Charmander
2236.jpg,Charmander
2237.jpg,Charmander
2238.jpg,Charmander
2239.jpg,Charmander
2240.jpg,Charmander
